date,hospital,medicine,used_qty,patient_load,emergency_pct
2026-08-09,h-civil,m-ors,20,60,10
2026-08-10,h-civil,m-ors,23,65,17
2026-08-11,h-civil,m-ors,26,70,24
2026-08-12,h-civil,m-ors,29,75,31
2026-08-13,h-civil,m-ors,32,80,13
2026-08-14,h-civil,m-ors,20,85,20
2026-08-15,h-civil,m-ors,23,90,27
2026-08-16,h-civil,m-ors,26,95,34
2026-08-17,h-civil,m-ors,29,60,16
2026-08-18,h-civil,m-ors,32,65,23
2026-08-19,h-civil,m-ors,20,70,30
2026-08-20,h-civil,m-ors,23,75,12
2026-08-21,h-civil,m-ors,26,80,19
2026-08-22,h-civil,m-ors,29,85,26
2026-08-23,h-civil,m-ors,32,90,33
2026-08-24,h-civil,m-ors,20,95,15
2026-08-25,h-civil,m-ors,23,60,22
2026-08-26,h-civil,m-ors,26,65,29
2026-08-27,h-civil,m-ors,29,70,11
2026-08-28,h-civil,m-ors,32,75,18
2026-08-29,h-civil,m-ors,20,80,25
2026-08-30,h-civil,m-ors,23,85,32
2026-08-31,h-civil,m-ors,26,90,14
2026-09-01,h-civil,m-ors,29,95,21
2026-09-02,h-civil,m-ors,32,60,28
2026-09-03,h-civil,m-ors,20,65,10
2026-09-04,h-civil,m-ors,23,70,17
2026-09-05,h-civil,m-ors,26,75,24
2026-09-06,h-civil,m-ors,29,80,31
2026-09-07,h-civil,m-ors,32,85,13
2026-09-08,h-civil,m-ors,20,90,20
2026-09-09,h-civil,m-ors,23,95,27
2026-09-10,h-civil,m-ors,26,60,34
2026-09-11,h-civil,m-ors,29,65,16
2026-09-12,h-civil,m-ors,32,70,23
2026-09-13,h-civil,m-ors,20,75,30
2026-09-14,h-civil,m-ors,23,80,12
2026-09-15,h-civil,m-ors,26,85,19
2026-09-16,h-civil,m-ors,29,90,26
2026-09-17,h-civil,m-ors,32,95,33
2026-09-18,h-civil,m-ors,20,60,15
2026-09-19,h-civil,m-ors,23,65,22
2026-09-20,h-civil,m-ors,26,70,29
2026-09-21,h-civil,m-ors,29,75,11
2026-09-22,h-civil,m-ors,32,80,18
2026-09-23,h-civil,m-ors,20,85,25
2026-09-24,h-civil,m-ors,23,90,32
2026-09-25,h-civil,m-ors,26,95,14
2026-09-26,h-civil,m-ors,29,60,21
2026-09-27,h-civil,m-ors,32,65,28
2026-09-28,h-civil,m-ors,20,70,10
2026-09-29,h-civil,m-ors,23,75,17
2026-09-30,h-civil,m-ors,26,80,24
2026-10-01,h-civil,m-ors,29,85,31
2026-10-02,h-civil,m-ors,32,90,13
2026-10-03,h-civil,m-ors,20,95,20
2026-10-04,h-civil,m-ors,23,60,27
2026-10-05,h-civil,m-ors,26,65,34
2026-10-06,h-civil,m-ors,29,70,16
2026-10-07,h-civil,m-ors,32,75,23
2026-10-05,h-civil,m-ors,25,80,150
2026-10-06,h-civil,FreeTextMed,25,80,20
"2026-10-07",h-civil,m-ors,33,70,12
